28,46,63,analisis
28,42,59,analisis
28,46,60,analisis
28,44,61,analisis
28,41,61,analisis
28,43,59,analisis
28,44,62,analisis
28,41,61,analisis
28,41,61,analisis
28,42,61,analisis
28,41,61,analisis
28,41,61,analisis
28,41,59,analisis
28,44,62,analisis
28,41,61,analisis
28,44,61,analisis
28,41,59,analisis
28,41,59,analisis
28,44,61,analisis
28,46,62,analisis
28,44,62,analisis
28,44,61,analisis
28,41,61,analisis
28,41,61,analisis
28,44,62,analisis
28,41,59,analisis
28,41,59,analisis
28,43,59,analisis
28,44,63,analisis
28,44,62,analisis
28,43,59,analisis
28,41,61,analisis
28,41,59,analisis
28,44,62,analisis
28,44,62,analisis
28,44,61,analisis
28,44,63,analisis
28,41,59,analisis
28,44,62,analisis
28,41,59,analisis
28,46,62,analisis
28,43,59,analisis
28,44,62,analisis
28,41,59,analisis
28,44,60,analisis
28,41,59,analisis
28,41,59,analisis
28,43,59,analisis
28,43,62,analisis
28,44,61,analisis
28,46,62,analisis
28,44,62,analisis
28,41,59,analisis
28,41,59,analisis
28,41,59,analisis
28,41,59,analisis
27,119,133,analisis
27,119,134,analisis
27,119,133,analisis
27,119,135,analisis
27,120,135,analisis
27,118,134,analisis
27,119,131,analisis
27,118,133,analisis
28,119,134,analisis
27,119,133,analisis
27,117,132,analisis
27,117,134,analisis
27,117,134,analisis
27,118,131,analisis
27,118,134,analisis
27,117,133,analisis
27,118,134,analisis
27,118,135,analisis
27,119,136,analisis
27,119,135,analisis
27,119,135,analisis
27,117,133,analisis
27,122,135,analisis
27,120,136,analisis
29,120,138,analisis
29,120,136,analisis
29,122,135,analisis
27,120,136,analisis
28,119,136,analisis
28,119,136,analisis
28,120,136,analisis
28,120,136,analisis
28,119,135,analisis
28,119,135,analisis
28,119,135,analisis
28,117,133,analisis
28,119,135,analisis
28,119,134,analisis
28,119,135,analisis
28,117,133,analisis
28,117,134,analisis
28,115,133,analisis
28,115,133,analisis
28,117,133,analisis
27,115,133,analisis
28,118,133,analisis
28,115,131,analisis
28,117,134,analisis
28,115,133,analisis
27,114,131,analisis
28,117,134,analisis
28,116,131,analisis
27,115,131,analisis
28,117,134,analisis
28,115,131,analisis
28,116,133,analisis
28,116,131,analisis
28,116,134,analisis
28,115,131,analisis
28,114,131,analisis
28,115,131,analisis
28,116,134,analisis
27,116,134,analisis
27,118,131,analisis
28,115,133,analisis
27,115,133,analisis
27,119,134,analisis
27,133,152,analisis
27,133,153,analisis
27,131,161,analisis
27,134,168,analisis
27,131,170,analisis
27,134,165,analisis
27,131,172,analisis
28,133,155,analisis
28,131,159,analisis
28,131,164,analisis
28,131,166,analisis
27,130,158,analisis
28,129,158,analisis
28,132,162,analisis
28,130,163,analisis
28,131,166,analisis
28,131,169,analisis
28,130,170,analisis
28,130,171,analisis
28,131,173,analisis
28,132,173,analisis
28,130,175,analisis
28,132,179,analisis
28,103,126,analisis
28,102,127,analisis
28,103,125,analisis
29,103,127,analisis
29,103,126,analisis
28,103,125,analisis
28,106,130,analisis
28,104,129,analisis
28,106,130,analisis
29,106,128,analisis
29,105,130,analisis
29,106,129,analisis
29,106,130,analisis
29,105,130,analisis
29,105,127,analisis
29,105,128,analisis
29,105,128,analisis
29,105,128,analisis
29,106,128,analisis
29,107,129,analisis
29,110,128,analisis
29,109,132,analisis
29,107,129,analisis
29,101,124,analisis
28,40,61,investigacion
29,40,61,investigacion
29,40,62,investigacion
29,40,61,investigacion
29,39,59,investigacion
29,38,62,investigacion
29,40,61,investigacion
29,37,61,investigacion
29,38,61,investigacion
29,40,60,investigacion
29,38,62,investigacion
29,39,59,investigacion
29,39,59,investigacion
29,38,61,investigacion
29,37,60,investigacion
29,39,62,investigacion
29,39,62,investigacion
29,37,61,investigacion
29,39,61,investigacion
29,39,59,investigacion
29,37,60,investigacion
29,39,59,investigacion
29,37,61,investigacion
29,37,60,investigacion
29,39,59,investigacion
29,37,62,investigacion
29,39,59,investigacion
29,39,59,investigacion
29,38,62,investigacion
29,39,59,investigacion
29,37,62,investigacion
29,37,60,investigacion
29,37,60,investigacion
29,38,62,investigacion
29,37,60,investigacion
29,38,60,investigacion
29,37,61,investigacion
29,38,62,investigacion
29,37,61,investigacion
29,37,62,investigacion
29,37,61,investigacion
29,38,60,investigacion
29,39,59,investigacion
29,38,59,investigacion
29,38,62,investigacion
29,37,60,investigacion
29,35,59,investigacion
29,38,62,investigacion
29,35,59,investigacion
29,38,60,investigacion
29,38,62,investigacion
29,39,59,investigacion
29,37,60,investigacion
29,37,61,investigacion
29,39,59,investigacion
29,37,59,investigacion
28,106,138,investigacion
28,106,140,investigacion
28,105,137,investigacion
28,105,137,investigacion
28,105,137,investigacion
28,107,139,investigacion
28,106,138,investigacion
28,106,138,investigacion
28,108,140,investigacion
28,110,140,investigacion
29,104,136,investigacion
28,105,137,investigacion
28,107,137,investigacion
28,104,136,investigacion
28,107,139,investigacion
29,106,138,investigacion
29,106,135,investigacion
29,106,135,investigacion
29,104,135,investigacion
29,104,136,investigacion
29,103,133,investigacion
29,103,134,investigacion
29,104,133,investigacion
29,103,133,investigacion
29,105,135,investigacion
29,101,131,investigacion
29,101,132,investigacion
29,99,131,investigacion
29,101,132,investigacion
29,120,131,investigacion
29,103,131,investigacion
29,99,131,investigacion
29,102,132,investigacion
29,100,132,investigacion
29,101,132,investigacion
29,102,131,investigacion
29,101,132,investigacion
29,99,131,investigacion
29,102,132,investigacion
29,100,132,investigacion
29,102,133,investigacion
29,102,131,investigacion
29,99,131,investigacion
29,99,129,investigacion
29,103,131,investigacion
29,99,131,investigacion
29,102,134,investigacion
29,100,132,investigacion
29,101,133,investigacion
29,102,133,investigacion
29,99,131,investigacion
29,102,132,investigacion
29,100,132,investigacion
29,102,134,investigacion
29,102,134,investigacion
29,99,131,investigacion
29,100,132,investigacion
29,100,132,investigacion
29,103,133,investigacion
29,102,134,investigacion
29,102,131,investigacion
29,100,132,investigacion
29,99,132,investigacion
29,102,134,investigacion
29,100,132,investigacion
29,102,131,investigacion
29,102,132,investigacion
29,99,131,investigacion
28,125,189,investigacion
28,125,189,investigacion
28,125,189,investigacion
28,125,189,investigacion
28,126,187,investigacion
28,125,187,investigacion
28,126,189,investigacion
28,125,189,investigacion
28,125,189,investigacion
28,125,189,investigacion
28,126,189,investigacion
28,127,190,investigacion
28,127,186,investigacion
28,125,188,investigacion
28,127,190,investigacion
28,127,187,investigacion
28,121,184,investigacion
28,124,185,investigacion
28,121,184,investigacion
28,122,186,investigacion
28,122,186,investigacion
28,122,186,investigacion
28,122,186,investigacion
26,99,124,investigacion
26,101,123,investigacion
26,103,126,investigacion
26,101,125,investigacion
26,101,126,investigacion
26,103,126,investigacion
27,101,125,investigacion
27,103,125,investigacion
27,103,125,investigacion
27,103,125,investigacion
27,103,126,investigacion
27,104,127,investigacion
27,103,129,investigacion
27,104,129,investigacion
27,108,134,investigacion
27,108,138,investigacion
27,107,137,investigacion
27,109,140,investigacion
27,108,139,investigacion
27,108,142,investigacion
27,107,141,investigacion
27,108,140,investigacion
27,107,141,investigacion
