29,67,74,84,analisis
29,67,74,83,analisis
29,67,73,83,analisis
29,67,73,82,analisis
29,67,74,81,analisis
29,67,76,78,analisis
29,67,76,78,analisis
29,67,77,78,analisis
29,67,77,79,analisis
29,67,77,77,analisis
29,67,76,77,analisis
29,67,76,77,analisis
29,67,77,78,analisis
29,67,77,77,analisis
29,67,77,77,analisis
29,67,76,77,analisis
29,67,77,77,analisis
29,67,75,75,analisis
29,67,75,76,analisis
29,67,76,77,analisis
29,67,76,76,analisis
29,67,76,76,analisis
29,67,76,76,analisis
29,67,75,76,analisis
29,67,75,76,analisis
29,67,74,75,analisis
29,67,75,75,analisis
29,67,76,75,analisis
29,67,75,75,analisis
29,67,76,76,analisis
29,67,76,76,analisis
29,67,76,76,analisis
29,67,76,75,analisis
29,67,75,76,analisis
29,67,76,75,analisis
29,67,75,75,analisis
29,67,75,75,analisis
29,67,75,75,analisis
29,67,76,75,analisis
29,67,75,74,analisis
29,67,76,75,analisis
29,67,76,75,analisis
29,67,76,75,analisis
29,67,76,75,analisis
29,67,75,75,analisis
29,67,75,75,analisis
29,67,75,74,analisis
29,67,75,73,analisis
29,66,75,74,analisis
29,67,75,74,analisis
29,67,75,74,analisis
29,67,75,74,analisis
29,66,74,73,analisis
29,66,74,73,analisis
29,66,74,73,analisis
29,66,74,72,analisis
29,66,75,73,analisis
29,66,75,73,analisis
29,66,75,73,analisis
29,66,75,73,analisis
29,66,76,73,analisis
29,66,75,72,analisis
29,66,74,72,analisis
29,66,74,72,analisis
29,66,74,72,analisis
29,66,75,72,analisis
29,66,74,72,analisis
29,66,74,72,analisis
29,66,74,71,analisis
29,66,74,72,analisis
29,66,74,72,analisis
29,66,74,71,analisis
29,66,74,71,analisis
29,66,74,71,analisis
29,66,74,71,analisis
29,66,74,71,analisis
29,66,74,71,analisis
29,66,74,71,analisis
29,66,75,71,analisis
29,66,74,71,analisis
29,66,75,71,analisis
29,66,75,72,analisis
29,66,75,72,analisis
29,66,75,73,analisis
29,66,76,72,analisis
29,66,75,72,analisis
29,66,75,73,analisis
29,66,76,72,analisis
29,66,76,72,analisis
29,66,76,72,analisis
29,66,76,72,analisis
29,66,77,72,analisis
29,66,76,73,analisis
29,66,76,73,analisis
29,66,77,72,analisis
29,66,76,72,analisis
29,66,77,72,analisis
29,66,76,72,analisis
29,66,75,72,analisis
29,66,76,72,analisis
29,66,75,72,analisis
29,66,75,71,analisis
29,66,74,71,analisis
29,66,76,72,analisis
29,66,76,72,analisis
29,66,76,72,analisis
29,66,77,72,analisis
29,66,76,72,analisis
29,66,77,72,analisis
29,66,75,71,analisis
29,66,75,72,analisis
29,66,75,72,analisis
29,66,75,72,analisis
29,66,75,71,analisis
29,66,76,71,analisis
29,66,75,71,analisis
29,66,75,71,analisis
29,66,75,70,analisis
29,66,75,71,analisis
29,66,74,71,analisis
29,66,74,70,analisis
29,66,75,70,analisis
29,66,74,70,analisis
29,66,74,70,analisis
29,66,74,71,analisis
29,66,75,71,analisis
29,66,75,71,analisis
29,66,75,70,analisis
29,66,76,72,analisis
29,66,75,71,analisis
29,66,76,72,analisis
29,66,75,71,analisis
29,66,75,71,analisis
29,66,75,71,analisis
29,66,75,71,analisis
29,66,74,70,analisis
29,66,74,70,analisis
29,66,75,70,analisis
29,66,74,70,analisis
29,66,74,70,analisis
29,66,74,70,analisis
29,66,74,69,analisis
29,66,73,69,analisis
29,66,73,69,analisis
29,66,73,69,analisis
29,66,74,68,analisis
29,66,73,68,analisis
29,66,74,69,analisis
29,66,74,69,analisis
29,66,75,70,analisis
29,66,76,71,analisis
29,66,75,70,analisis
29,66,75,70,analisis
29,66,80,72,analisis
29,66,79,72,analisis
29,66,77,71,analisis
29,66,79,73,analisis
29,66,78,72,analisis
29,66,79,73,analisis
29,66,79,72,analisis
29,66,78,72,analisis
29,66,78,72,analisis
29,66,78,72,analisis
29,66,77,72,analisis
29,66,79,72,analisis
29,66,78,72,analisis
29,66,78,72,analisis
29,66,78,72,analisis
29,66,77,72,analisis
29,66,76,71,analisis
29,66,76,70,analisis
29,66,76,70,analisis
29,66,77,71,analisis
29,66,76,71,analisis
29,66,76,71,analisis
29,66,77,71,analisis
29,66,77,72,analisis
29,66,77,72,analisis
29,66,77,71,analisis
29,66,77,71,analisis
29,66,76,71,analisis
29,66,76,71,analisis
28,66,76,70,analisis
29,66,75,71,analisis
29,66,76,71,analisis
29,66,75,69,analisis
28,66,75,70,analisis
28,66,76,69,analisis
29,66,75,69,analisis
29,67,75,70,analisis
29,67,76,70,analisis
29,67,75,70,analisis
29,66,75,70,analisis
29,66,75,70,analisis
29,66,75,70,analisis
29,67,76,70,analisis
29,67,76,70,analisis
29,66,76,70,analisis
29,66,75,70,analisis
29,66,76,70,analisis
29,66,76,70,analisis
29,66,75,70,analisis
29,66,76,70,analisis
29,66,77,71,analisis
29,66,77,71,analisis
29,66,77,71,analisis
29,66,77,71,analisis
29,66,76,71,analisis
29,66,75,70,analisis
29,66,75,69,analisis
29,66,75,69,analisis
29,66,75,69,analisis
29,66,75,69,analisis
29,66,75,69,analisis
29,66,74,70,analisis
29,66,75,69,analisis
29,66,75,69,analisis
29,66,75,68,analisis
29,66,75,69,analisis
29,66,75,69,analisis
29,66,75,69,analisis
29,66,75,70,analisis
29,66,75,70,analisis
29,66,75,70,analisis
29,66,75,70,analisis
29,66,75,70,analisis
29,66,75,70,analisis
29,66,75,69,analisis
29,66,77,70,analisis
29,66,77,71,analisis
29,66,77,71,analisis
29,66,77,71,analisis
29,66,77,71,analisis
29,66,78,71,analisis
29,66,77,71,analisis
29,66,77,71,analisis
29,66,77,71,analisis
29,66,77,71,analisis
29,66,77,71,analisis
29,66,75,70,analisis
29,66,76,70,analisis
29,66,76,70,analisis
29,66,77,70,analisis
29,66,77,70,analisis
29,66,77,71,analisis
29,66,76,70,analisis
29,66,77,70,analisis
29,66,76,70,analisis
29,66,75,69,analisis
29,66,75,70,analisis
28,66,76,70,analisis
29,66,76,70,analisis
29,66,76,70,analisis
29,66,76,70,analisis
29,66,76,70,analisis
29,66,76,70,analisis
29,66,76,70,analisis
29,66,76,70,analisis
29,66,76,70,analisis
29,66,76,70,analisis
29,66,76,69,analisis
29,66,76,70,analisis
29,66,76,70,analisis
29,66,76,69,analisis
29,66,77,70,analisis
29,66,76,70,analisis
29,66,77,70,analisis
29,66,76,70,analisis
29,66,77,70,analisis
29,66,77,71,analisis
29,66,77,71,analisis
29,66,76,71,analisis
29,66,76,70,analisis
29,66,75,70,analisis
29,66,75,69,analisis
29,66,76,70,analisis
29,66,78,71,analisis
29,66,77,71,analisis
29,66,77,71,analisis
29,66,77,71,analisis
29,66,78,71,analisis
29,66,78,71,analisis
29,66,77,71,analisis
29,66,77,70,analisis
29,66,76,70,analisis
29,66,77,70,analisis
29,66,76,70,analisis
29,66,77,70,analisis
28,66,77,70,analisis
28,66,77,70,analisis
28,66,77,70,analisis
28,66,77,70,analisis
28,66,77,70,analisis
28,66,78,71,analisis
28,66,77,70,analisis
28,66,78,71,analisis
28,66,78,71,analisis
28,66,78,71,analisis
28,66,78,71,analisis
29,66,79,71,analisis
29,66,81,73,analisis
29,66,83,74,analisis
29,66,83,74,analisis
29,66,82,74,analisis
29,66,81,74,analisis
28,66,82,74,analisis
28,66,82,74,analisis
28,66,82,74,analisis
28,66,80,73,analisis
28,66,80,72,analisis
28,66,80,72,analisis
28,66,79,72,analisis
28,66,78,71,analisis
28,66,79,72,analisis
28,66,79,71,analisis
28,66,78,71,analisis
28,66,78,71,analisis
28,66,78,71,analisis
28,66,79,71,analisis
28,66,78,72,analisis
29,66,79,72,analisis
28,66,79,72,analisis
29,66,79,72,analisis
29,66,79,71,analisis
29,66,79,72,analisis
29,66,79,72,analisis
29,66,79,72,analisis
29,66,79,72,analisis
29,66,79,72,analisis
29,66,79,72,analisis
29,66,79,72,analisis
29,66,80,73,analisis
29,66,79,73,analisis
29,66,79,73,analisis
29,66,80,73,analisis
29,66,80,73,analisis
29,66,81,73,analisis
29,66,80,73,analisis
29,66,80,72,analisis
29,66,80,73,analisis
29,66,80,73,analisis
29,66,81,73,analisis
29,66,82,73,analisis
29,66,82,74,analisis
29,66,82,74,analisis
29,66,82,74,analisis
29,66,79,73,analisis
29,66,80,73,analisis
29,66,80,73,analisis
29,66,80,73,analisis
29,66,81,74,investigacion
29,66,80,72,investigacion
29,66,79,73,investigacion
29,66,80,72,investigacion
29,66,79,73,investigacion
29,66,79,73,investigacion
28,66,79,72,investigacion
28,66,79,72,investigacion
28,66,79,72,investigacion
28,66,79,72,investigacion
28,66,79,72,investigacion
28,66,79,72,investigacion
28,66,78,71,investigacion
28,66,78,71,investigacion
28,66,78,71,investigacion
28,66,78,71,investigacion
28,66,78,71,investigacion
28,66,78,71,investigacion
28,66,79,71,investigacion
28,66,79,71,investigacion
28,66,79,71,investigacion
28,67,79,72,investigacion
28,67,79,72,investigacion
28,67,79,72,investigacion
28,67,79,72,investigacion
28,67,78,71,investigacion
28,67,79,72,investigacion
28,67,79,71,investigacion
28,66,79,71,investigacion
28,66,79,72,investigacion
28,66,78,71,investigacion
28,66,79,71,investigacion
28,66,78,71,investigacion
28,67,78,71,investigacion
28,67,78,71,investigacion
28,67,77,70,investigacion
28,67,78,71,investigacion
28,67,79,71,investigacion
28,67,78,70,investigacion
28,67,77,71,investigacion
28,67,78,71,investigacion
28,67,78,71,investigacion
28,67,78,71,investigacion
28,67,77,70,investigacion
28,67,78,70,investigacion
28,67,77,70,investigacion
28,67,78,69,investigacion
28,67,77,70,investigacion
28,67,78,70,investigacion
28,67,78,71,investigacion
28,67,78,70,investigacion
28,67,78,70,investigacion
28,67,77,70,investigacion
28,67,77,70,investigacion
28,67,77,70,investigacion
28,67,77,70,investigacion
28,67,76,69,investigacion
28,67,76,69,investigacion
28,67,77,69,investigacion
28,67,77,70,investigacion
28,67,78,70,investigacion
28,67,77,70,investigacion
28,67,77,70,investigacion
28,67,77,70,investigacion
28,67,78,71,investigacion
28,67,77,70,investigacion
28,67,81,72,investigacion
28,67,82,72,investigacion
28,67,79,72,investigacion
28,67,80,73,investigacion
28,67,81,72,investigacion
28,67,80,72,investigacion
28,67,79,72,investigacion
28,67,79,71,investigacion
28,67,80,72,investigacion
28,67,80,72,investigacion
28,67,79,72,investigacion
28,67,80,73,investigacion
28,67,81,73,investigacion
28,67,80,72,investigacion
28,67,79,72,investigacion
28,67,79,72,investigacion
28,67,79,72,investigacion
28,67,79,72,investigacion
28,67,79,72,investigacion
28,67,78,72,investigacion
28,67,78,71,investigacion
28,67,78,72,investigacion
28,67,79,71,investigacion
28,67,79,71,investigacion
28,67,78,71,investigacion
28,67,78,72,investigacion
28,67,79,71,investigacion
28,67,78,71,investigacion
28,67,79,72,investigacion
28,67,80,72,investigacion
28,67,80,72,investigacion
28,67,80,72,investigacion
28,67,79,72,investigacion
28,67,80,73,investigacion
28,67,79,72,investigacion
28,67,79,72,investigacion
28,67,79,71,investigacion
28,67,79,71,investigacion
28,67,79,71,investigacion
28,67,79,71,investigacion
28,67,79,72,investigacion
28,67,79,72,investigacion
28,67,79,71,investigacion
28,67,79,72,investigacion
28,67,79,72,investigacion
28,67,79,71,investigacion
28,67,79,71,investigacion
28,67,78,71,investigacion
28,67,79,71,investigacion
28,67,79,71,investigacion
28,67,78,71,investigacion
28,67,79,71,investigacion
28,67,79,72,investigacion
28,67,79,72,investigacion
28,67,79,72,investigacion
28,67,79,72,investigacion
28,67,78,71,investigacion
28,67,79,71,investigacion
28,67,77,70,investigacion
28,67,77,70,investigacion
28,67,77,70,investigacion
28,67,78,70,investigacion
28,67,78,70,investigacion
28,67,78,70,investigacion
28,67,78,70,investigacion
28,67,77,70,investigacion
28,67,77,70,investigacion
28,68,77,70,investigacion
28,68,77,70,investigacion
28,66,78,69,investigacion
28,66,77,69,investigacion
28,66,77,70,investigacion
28,66,77,69,investigacion
28,66,76,69,investigacion
28,66,77,69,investigacion
28,66,77,70,investigacion
28,66,77,69,investigacion
28,66,77,70,investigacion
28,66,78,70,investigacion
28,66,78,70,investigacion
28,66,78,70,investigacion
28,66,79,71,investigacion
28,66,78,70,investigacion
28,66,77,70,investigacion
28,66,77,70,investigacion
28,66,78,70,investigacion
28,66,78,70,investigacion
28,66,76,69,investigacion
28,68,77,69,investigacion
28,66,77,70,investigacion
28,66,77,70,investigacion
28,66,77,69,investigacion
28,66,78,70,investigacion
28,66,79,71,investigacion
28,66,81,72,investigacion
28,66,81,72,investigacion
28,66,79,71,investigacion
28,66,79,71,investigacion
28,66,78,71,investigacion
28,66,79,71,investigacion
28,66,78,71,investigacion
28,66,78,70,investigacion
28,66,78,69,investigacion
28,66,79,70,investigacion
28,66,77,70,investigacion
28,66,78,69,investigacion
28,66,77,70,investigacion
28,66,78,70,investigacion
28,66,78,70,investigacion
28,66,78,70,investigacion
28,66,79,70,investigacion
28,66,80,71,investigacion
28,66,81,71,investigacion
28,66,79,71,investigacion
28,66,79,71,investigacion
28,66,80,71,investigacion
28,66,81,72,investigacion
28,66,81,72,investigacion
28,66,81,72,investigacion
28,66,80,72,investigacion
28,66,79,72,investigacion
28,66,79,71,investigacion
28,66,79,71,investigacion
28,66,80,71,investigacion
28,66,79,71,investigacion
28,66,79,72,investigacion
28,66,79,71,investigacion
28,66,79,72,investigacion
28,66,79,72,investigacion
28,66,79,71,investigacion
28,66,79,71,investigacion
28,66,79,71,investigacion
28,66,79,71,investigacion
28,66,78,71,investigacion
28,66,78,71,investigacion
28,66,77,70,investigacion
28,66,78,71,investigacion
28,66,78,70,investigacion
28,66,78,70,investigacion
28,66,78,71,investigacion
28,66,78,71,investigacion
28,66,78,70,investigacion
28,66,78,70,investigacion
28,66,77,70,investigacion
28,66,79,70,investigacion
28,66,79,71,investigacion
28,66,81,71,investigacion
28,66,83,73,investigacion
28,66,82,73,investigacion
28,66,82,73,investigacion
28,66,82,73,investigacion
28,66,80,72,investigacion
28,66,81,73,investigacion
28,66,81,73,investigacion
28,66,81,73,investigacion
28,66,82,73,investigacion
28,67,82,73,investigacion
28,67,82,73,investigacion
28,67,82,74,investigacion
28,67,81,73,investigacion
28,67,80,73,investigacion
28,67,81,73,investigacion
28,67,81,73,investigacion
28,67,79,72,investigacion
28,66,79,71,investigacion
28,67,79,72,investigacion
28,67,79,71,investigacion
28,67,80,73,investigacion
28,66,79,72,investigacion
28,66,79,72,investigacion
28,66,80,72,investigacion
28,66,80,73,investigacion
28,66,79,72,investigacion
28,66,79,72,investigacion
28,66,79,73,investigacion
28,66,79,72,investigacion
28,66,78,71,investigacion
28,66,79,72,investigacion
28,66,78,71,investigacion
28,66,78,70,investigacion
28,66,78,70,investigacion
28,66,79,71,investigacion
28,66,78,70,investigacion
28,66,79,71,investigacion
28,66,77,70,investigacion
28,66,78,69,investigacion
28,66,78,70,investigacion
28,66,78,70,investigacion
28,66,79,71,investigacion
28,67,79,72,investigacion
28,66,79,72,investigacion
28,66,78,71,investigacion
28,66,79,70,investigacion
28,66,79,71,investigacion
28,66,79,71,investigacion
28,66,79,71,investigacion
28,66,79,71,investigacion
28,66,78,71,investigacion
28,66,78,71,investigacion
28,66,78,70,investigacion
28,66,78,70,investigacion
28,66,79,71,investigacion
28,66,78,70,investigacion
28,66,78,71,investigacion
28,66,78,70,investigacion
28,66,79,71,investigacion
28,66,78,71,investigacion
28,66,79,71,investigacion
28,66,79,71,investigacion
28,66,79,71,investigacion
28,66,78,71,investigacion
28,66,79,71,investigacion
28,68,79,71,investigacion
28,68,78,71,investigacion
28,67,79,71,investigacion
28,67,79,71,investigacion
28,67,78,71,investigacion
28,67,79,71,investigacion
28,67,78,70,investigacion
28,67,82,72,investigacion
28,66,83,73,investigacion
28,66,83,74,investigacion
28,66,82,74,investigacion
28,66,84,75,investigacion
28,66,83,74,investigacion
28,66,82,74,investigacion
28,66,79,72,investigacion
28,66,79,71,investigacion
28,68,79,71,investigacion
28,67,79,72,investigacion
28,67,78,71,investigacion
28,67,80,72,investigacion
28,67,79,71,investigacion
28,67,79,71,investigacion
28,67,79,71,investigacion
28,67,79,71,investigacion
28,67,79,71,investigacion
28,67,79,71,investigacion
28,67,79,72,investigacion
28,67,79,72,investigacion
28,67,79,72,investigacion
28,67,80,72,investigacion
28,67,80,72,investigacion
28,67,80,72,investigacion
28,67,79,73,investigacion
28,67,79,71,investigacion
28,67,79,72,investigacion
28,67,79,72,investigacion
28,67,79,71,investigacion
28,67,79,71,investigacion
28,67,80,72,investigacion
28,67,79,73,investigacion
28,67,79,72,investigacion
28,67,79,72,investigacion
28,67,79,71,investigacion
28,67,79,71,investigacion
28,67,79,71,investigacion
28,67,79,71,investigacion
28,67,78,71,investigacion
28,67,78,71,investigacion
28,67,78,70,investigacion
28,67,78,70,investigacion
28,67,77,70,investigacion
28,67,78,70,investigacion
28,67,79,71,investigacion
28,67,79,70,investigacion
28,67,79,71,investigacion
28,67,79,71,investigacion
28,67,78,71,investigacion
28,67,79,71,investigacion
28,67,78,71,investigacion
28,67,79,71,investigacion
28,67,78,70,investigacion
28,67,78,71,investigacion
28,67,78,70,investigacion
28,67,79,71,investigacion
28,67,78,71,investigacion
29,67,78,70,investigacion
29,67,76,69,investigacion
29,67,77,69,investigacion
29,67,76,68,investigacion
28,67,76,68,investigacion
28,67,77,68,investigacion
28,67,77,68,investigacion
